[
    {
        "success": true,
        "data": [
            {
                "id": 1,
                "name": "Chinese",
                "description": "Eum similique maiores atque quia explicabo. Dolores quia placeat consequatur id quis perspiciatis. Ducimus sit ducimus officia labore maiores et porro. Est iusto natus nesciunt debitis consequuntur totam. Et illo et autem inventore earum corrupti.",
                "created_at": "2020-04-11 15:03:21",
                "updated_at": "2020-04-11 15:03:21",
                "custom_fields": [],
                "restaurants": [
                    {
                        "id": 7,
                        "name": "Foody O'Kon-Ruecker",
                        "custom_fields": [],
                        "has_media": false,
                        "rate": "2.0",
                        "pivot": {
                            "cuisine_id": 1,
                            "restaurant_id": 7
                        },
                        "media": []
                    },
                    {
                        "id": 9,
                        "name": "Meal Kertzmann and Sons",
                        "custom_fields": [],
                        "has_media": false,
                        "rate": "3.7",
                        "pivot": {
                            "cuisine_id": 1,
                            "restaurant_id": 9
                        },
                        "media": []
                    },
                    {
                        "id": 11,
                        "name": "Sagar Gaire",
                        "custom_fields": [],
                        "has_media": true,
                        "rate": null,
                        "pivot": {
                            "cuisine_id": 1,
                            "restaurant_id": 11
                        },
                        "media": [
                            {
                                "id": 129,
                                "model_type": "App\\Models\\Restaurant",
                                "model_id": 11,
                                "collection_name": "image",
                                "name": "1",
                                "file_name": "1.jpg",
                                "mime_type": "image/jpeg",
                                "disk": "public",
                                "size": 439415,
                                "manipulations": [],
                                "custom_properties": {
                                    "uuid": "a838ba0b-c2d9-4c7d-bc36-4c54c75571a3",
                                    "user_id": 1,
                                    "generated_conversions": {
                                        "thumb": true,
                                        "icon": true
                                    }
                                },
                                "responsive_images": [],
                                "order_column": 125,
                                "created_at": "2021-03-02 12:45:50",
                                "updated_at": "2021-03-02 12:45:50",
                                "url": "https://hyperlocal.cartlabs.com/storage/app/public/129/1.jpg",
                                "thumb": "https://hyperlocal.cartlabs.com/storage/app/public/129/conversions/1-thumb.jpg",
                                "icon": "https://hyperlocal.cartlabs.com/storage/app/public/129/conversions/1-icon.jpg",
                                "formated_size": "429.1 KB"
                            }
                        ]
                    },
                    {
                        "id": 14,
                        "name": "Antique",
                        "custom_fields": [],
                        "has_media": true,
                        "rate": null,
                        "pivot": {
                            "cuisine_id": 1,
                            "restaurant_id": 14
                        },
                        "media": [
                            {
                                "id": 83,
                                "model_type": "App\\Models\\Restaurant",
                                "model_id": 14,
                                "collection_name": "image",
                                "name": "slider1",
                                "file_name": "slider1.png",
                                "mime_type": "image/jpeg",
                                "disk": "public",
                                "size": 582813,
                                "manipulations": [],
                                "custom_properties": {
                                    "uuid": "5db52470-8e50-4655-a30c-ff4963aaee70",
                                    "user_id": 1,
                                    "generated_conversions": {
                                        "thumb": true,
                                        "icon": true
                                    }
                                },
                                "responsive_images": [],
                                "order_column": 80,
                                "created_at": "2021-03-02 08:17:54",
                                "updated_at": "2021-03-02 08:17:54",
                                "url": "https://hyperlocal.cartlabs.com/storage/app/public/83/slider1.png",
                                "thumb": "https://hyperlocal.cartlabs.com/storage/app/public/83/conversions/slider1-thumb.jpg",
                                "icon": "https://hyperlocal.cartlabs.com/storage/app/public/83/conversions/slider1-icon.jpg",
                                "formated_size": "569.2 KB"
                            }
                        ]
                    },
                    {
                        "id": 15,
                        "name": "The Lonesome Dove",
                        "custom_fields": [],
                        "has_media": true,
                        "rate": null,
                        "pivot": {
                            "cuisine_id": 1,
                            "restaurant_id": 15
                        },
                        "media": [
                            {
                                "id": 133,
                                "model_type": "App\\Models\\Restaurant",
                                "model_id": 15,
                                "collection_name": "image",
                                "name": "3",
                                "file_name": "3.jpg",
                                "mime_type": "image/jpeg",
                                "disk": "public",
                                "size": 208840,
                                "manipulations": [],
                                "custom_properties": {
                                    "uuid": "a32944af-0469-47eb-93b5-95b66474178a",
                                    "user_id": 1,
                                    "generated_conversions": {
                                        "thumb": true,
                                        "icon": true
                                    }
                                },
                                "responsive_images": [],
                                "order_column": 129,
                                "created_at": "2021-03-02 12:46:44",
                                "updated_at": "2021-03-02 12:46:44",
                                "url": "https://hyperlocal.cartlabs.com/storage/app/public/133/3.jpg",
                                "thumb": "https://hyperlocal.cartlabs.com/storage/app/public/133/conversions/3-thumb.jpg",
                                "icon": "https://hyperlocal.cartlabs.com/storage/app/public/133/conversions/3-icon.jpg",
                                "formated_size": "203.9 KB"
                            }
                        ]
                    },
                    {
                        "id": 17,
                        "name": "Prince ki rasoi",
                        "custom_fields": [],
                        "has_media": true,
                        "rate": null,
                        "pivot": {
                            "cuisine_id": 1,
                            "restaurant_id": 17
                        },
                        "media": [
                            {
                                "id": 210,
                                "model_type": "App\\Models\\Restaurant",
                                "model_id": 17,
                                "collection_name": "image",
                                "name": "banner6",
                                "file_name": "banner6.jpg",
                                "mime_type": "image/jpeg",
                                "disk": "public",
                                "size": 190397,
                                "manipulations": [],
                                "custom_properties": {
                                    "uuid": "3f2560b5-4c28-46dc-961c-c0845e287480",
                                    "user_id": 1,
                                    "generated_conversions": {
                                        "thumb": true,
                                        "icon": true
                                    }
                                },
                                "responsive_images": [],
                                "order_column": 205,
                                "created_at": "2021-03-12 11:22:45",
                                "updated_at": "2021-03-12 11:22:45",
                                "url": "https://hyperlocal.cartlabs.com/storage/app/public/210/banner6.jpg",
                                "thumb": "https://hyperlocal.cartlabs.com/storage/app/public/210/conversions/banner6-thumb.jpg",
                                "icon": "https://hyperlocal.cartlabs.com/storage/app/public/210/conversions/banner6-icon.jpg",
                                "formated_size": "185.9 KB"
                            }
                        ]
                    },
                    {
                        "id": 18,
                        "name": "chili's",
                        "custom_fields": [],
                        "has_media": true,
                        "rate": null,
                        "pivot": {
                            "cuisine_id": 1,
                            "restaurant_id": 18
                        },
                        "media": [
                            {
                                "id": 211,
                                "model_type": "App\\Models\\Restaurant",
                                "model_id": 18,
                                "collection_name": "image",
                                "name": "4",
                                "file_name": "4.jpg",
                                "mime_type": "image/jpeg",
                                "disk": "public",
                                "size": 33720,
                                "manipulations": [],
                                "custom_properties": {
                                    "uuid": "81865615-ff7b-4063-9b07-2db372f5997c",
                                    "user_id": 1,
                                    "generated_conversions": {
                                        "thumb": true,
                                        "icon": true
                                    }
                                },
                                "responsive_images": [],
                                "order_column": 206,
                                "created_at": "2021-03-12 11:52:11",
                                "updated_at": "2021-03-12 11:52:11",
                                "url": "https://hyperlocal.cartlabs.com/storage/app/public/211/4.jpg",
                                "thumb": "https://hyperlocal.cartlabs.com/storage/app/public/211/conversions/4-thumb.jpg",
                                "icon": "https://hyperlocal.cartlabs.com/storage/app/public/211/conversions/4-icon.jpg",
                                "formated_size": "32.9 KB"
                            }
                        ]
                    },
                    {
                        "id": 19,
                        "name": "test",
                        "custom_fields": [],
                        "has_media": true,
                        "rate": null,
                        "pivot": {
                            "cuisine_id": 1,
                            "restaurant_id": 19
                        },
                        "media": [
                            {
                                "id": 258,
                                "model_type": "App\\Models\\Restaurant",
                                "model_id": 19,
                                "collection_name": "image",
                                "name": "Whitepaper_or_casestudy_user",
                                "file_name": "Whitepaper_or_casestudy_user.png",
                                "mime_type": "image/png",
                                "disk": "public",
                                "size": 40519,
                                "manipulations": [],
                                "custom_properties": {
                                    "uuid": "40a4af42-ec17-4cb2-b13e-fbd4b39c735d",
                                    "user_id": 1,
                                    "generated_conversions": {
                                        "thumb": true,
                                        "icon": true
                                    }
                                },
                                "responsive_images": [],
                                "order_column": 253,
                                "created_at": "2021-03-18 11:35:32",
                                "updated_at": "2021-03-18 11:35:32",
                                "url": "https://hyperlocal.cartlabs.com/storage/app/public/258/Whitepaper_or_casestudy_user.png",
                                "thumb": "https://hyperlocal.cartlabs.com/storage/app/public/258/conversions/Whitepaper_or_casestudy_user-thumb.jpg",
                                "icon": "https://hyperlocal.cartlabs.com/storage/app/public/258/conversions/Whitepaper_or_casestudy_user-icon.jpg",
                                "formated_size": "39.6 KB"
                            }
                        ]
                    }
                ]
            },
            {
                "id": 2,
                "name": "Indian",
                "description": "Eaque et aut natus. Minima blanditiis ut sunt distinctio ad. Quasi doloremque rerum ex rerum. Molestias similique similique aut rerum delectus blanditiis et. Dolorem et quas nostrum est nobis.",
                "created_at": "2020-04-11 15:03:21",
                "updated_at": "2020-04-11 15:03:21",
                "custom_fields": [],
                "restaurants": [
                    {
                        "id": 1,
                        "name": "Meal Conroy Group",
                        "custom_fields": [],
                        "has_media": true,
                        "rate": null,
                        "pivot": {
                            "cuisine_id": 2,
                            "restaurant_id": 1
                        },
                        "media": [
                            {
                                "id": 43,
                                "model_type": "App\\Models\\Restaurant",
                                "model_id": 1,
                                "collection_name": "image",
                                "name": "1",
                                "file_name": "1.jpg",
                                "mime_type": "image/jpeg",
                                "disk": "public",
                                "size": 9808,
                                "manipulations": [],
                                "custom_properties": {
                                    "uuid": "a6644bef-7c7c-4daa-8cdf-120a48a0136a",
                                    "user_id": 1,
                                    "generated_conversions": {
                                        "thumb": true,
                                        "icon": true
                                    }
                                },
                                "responsive_images": [],
                                "order_column": 41,
                                "created_at": "2021-03-01 10:34:52",
                                "updated_at": "2021-03-01 10:34:52",
                                "url": "https://hyperlocal.cartlabs.com/storage/app/public/43/1.jpg",
                                "thumb": "https://hyperlocal.cartlabs.com/storage/app/public/43/conversions/1-thumb.jpg",
                                "icon": "https://hyperlocal.cartlabs.com/storage/app/public/43/conversions/1-icon.jpg",
                                "formated_size": "9.6 KB"
                            }
                        ]
                    },
                    {
                        "id": 2,
                        "name": "Meal Christiansen Group",
                        "custom_fields": [],
                        "has_media": true,
                        "rate": "3.0",
                        "pivot": {
                            "cuisine_id": 2,
                            "restaurant_id": 2
                        },
                        "media": [
                            {
                                "id": 175,
                                "model_type": "App\\Models\\Restaurant",
                                "model_id": 2,
                                "collection_name": "image",
                                "name": "restaurantsSlides",
                                "file_name": "restaurantsSlides.jpg",
                                "mime_type": "image/jpeg",
                                "disk": "public",
                                "size": 322785,
                                "manipulations": [],
                                "custom_properties": {
                                    "uuid": "c6fba814-2274-4ae2-9b83-afd9169d9a28",
                                    "user_id": 1,
                                    "generated_conversions": {
                                        "thumb": true,
                                        "icon": true
                                    }
                                },
                                "responsive_images": [],
                                "order_column": 171,
                                "created_at": "2021-03-04 09:16:28",
                                "updated_at": "2021-03-04 09:16:28",
                                "url": "https://hyperlocal.cartlabs.com/storage/app/public/175/restaurantsSlides.jpg",
                                "thumb": "https://hyperlocal.cartlabs.com/storage/app/public/175/conversions/restaurantsSlides-thumb.jpg",
                                "icon": "https://hyperlocal.cartlabs.com/storage/app/public/175/conversions/restaurantsSlides-icon.jpg",
                                "formated_size": "315.2 KB"
                            }
                        ]
                    },
                    {
                        "id": 7,
                        "name": "Foody O'Kon-Ruecker",
                        "custom_fields": [],
                        "has_media": false,
                        "rate": "2.0",
                        "pivot": {
                            "cuisine_id": 2,
                            "restaurant_id": 7
                        },
                        "media": []
                    },
                    {
                        "id": 11,
                        "name": "Sagar Gaire",
                        "custom_fields": [],
                        "has_media": true,
                        "rate": null,
                        "pivot": {
                            "cuisine_id": 2,
                            "restaurant_id": 11
                        },
                        "media": [
                            {
                                "id": 129,
                                "model_type": "App\\Models\\Restaurant",
                                "model_id": 11,
                                "collection_name": "image",
                                "name": "1",
                                "file_name": "1.jpg",
                                "mime_type": "image/jpeg",
                                "disk": "public",
                                "size": 439415,
                                "manipulations": [],
                                "custom_properties": {
                                    "uuid": "a838ba0b-c2d9-4c7d-bc36-4c54c75571a3",
                                    "user_id": 1,
                                    "generated_conversions": {
                                        "thumb": true,
                                        "icon": true
                                    }
                                },
                                "responsive_images": [],
                                "order_column": 125,
                                "created_at": "2021-03-02 12:45:50",
                                "updated_at": "2021-03-02 12:45:50",
                                "url": "https://hyperlocal.cartlabs.com/storage/app/public/129/1.jpg",
                                "thumb": "https://hyperlocal.cartlabs.com/storage/app/public/129/conversions/1-thumb.jpg",
                                "icon": "https://hyperlocal.cartlabs.com/storage/app/public/129/conversions/1-icon.jpg",
                                "formated_size": "429.1 KB"
                            }
                        ]
                    },
                    {
                        "id": 13,
                        "name": "Sagar House Of Food",
                        "custom_fields": [],
                        "has_media": true,
                        "rate": null,
                        "pivot": {
                            "cuisine_id": 2,
                            "restaurant_id": 13
                        },
                        "media": [
                            {
                                "id": 131,
                                "model_type": "App\\Models\\Restaurant",
                                "model_id": 13,
                                "collection_name": "image",
                                "name": "2",
                                "file_name": "2.jpg",
                                "mime_type": "image/jpeg",
                                "disk": "public",
                                "size": 227190,
                                "manipulations": [],
                                "custom_properties": {
                                    "uuid": "7f3f7cb0-50bc-4ad9-962c-d75d0f251505",
                                    "user_id": 1,
                                    "generated_conversions": {
                                        "thumb": true,
                                        "icon": true
                                    }
                                },
                                "responsive_images": [],
                                "order_column": 127,
                                "created_at": "2021-03-02 12:46:27",
                                "updated_at": "2021-03-02 12:46:27",
                                "url": "https://hyperlocal.cartlabs.com/storage/app/public/131/2.jpg",
                                "thumb": "https://hyperlocal.cartlabs.com/storage/app/public/131/conversions/2-thumb.jpg",
                                "icon": "https://hyperlocal.cartlabs.com/storage/app/public/131/conversions/2-icon.jpg",
                                "formated_size": "221.9 KB"
                            }
                        ]
                    },
                    {
                        "id": 14,
                        "name": "Antique",
                        "custom_fields": [],
                        "has_media": true,
                        "rate": null,
                        "pivot": {
                            "cuisine_id": 2,
                            "restaurant_id": 14
                        },
                        "media": [
                            {
                                "id": 83,
                                "model_type": "App\\Models\\Restaurant",
                                "model_id": 14,
                                "collection_name": "image",
                                "name": "slider1",
                                "file_name": "slider1.png",
                                "mime_type": "image/jpeg",
                                "disk": "public",
                                "size": 582813,
                                "manipulations": [],
                                "custom_properties": {
                                    "uuid": "5db52470-8e50-4655-a30c-ff4963aaee70",
                                    "user_id": 1,
                                    "generated_conversions": {
                                        "thumb": true,
                                        "icon": true
                                    }
                                },
                                "responsive_images": [],
                                "order_column": 80,
                                "created_at": "2021-03-02 08:17:54",
                                "updated_at": "2021-03-02 08:17:54",
                                "url": "https://hyperlocal.cartlabs.com/storage/app/public/83/slider1.png",
                                "thumb": "https://hyperlocal.cartlabs.com/storage/app/public/83/conversions/slider1-thumb.jpg",
                                "icon": "https://hyperlocal.cartlabs.com/storage/app/public/83/conversions/slider1-icon.jpg",
                                "formated_size": "569.2 KB"
                            }
                        ]
                    },
                    {
                        "id": 15,
                        "name": "The Lonesome Dove",
                        "custom_fields": [],
                        "has_media": true,
                        "rate": null,
                        "pivot": {
                            "cuisine_id": 2,
                            "restaurant_id": 15
                        },
                        "media": [
                            {
                                "id": 133,
                                "model_type": "App\\Models\\Restaurant",
                                "model_id": 15,
                                "collection_name": "image",
                                "name": "3",
                                "file_name": "3.jpg",
                                "mime_type": "image/jpeg",
                                "disk": "public",
                                "size": 208840,
                                "manipulations": [],
                                "custom_properties": {
                                    "uuid": "a32944af-0469-47eb-93b5-95b66474178a",
                                    "user_id": 1,
                                    "generated_conversions": {
                                        "thumb": true,
                                        "icon": true
                                    }
                                },
                                "responsive_images": [],
                                "order_column": 129,
                                "created_at": "2021-03-02 12:46:44",
                                "updated_at": "2021-03-02 12:46:44",
                                "url": "https://hyperlocal.cartlabs.com/storage/app/public/133/3.jpg",
                                "thumb": "https://hyperlocal.cartlabs.com/storage/app/public/133/conversions/3-thumb.jpg",
                                "icon": "https://hyperlocal.cartlabs.com/storage/app/public/133/conversions/3-icon.jpg",
                                "formated_size": "203.9 KB"
                            }
                        ]
                    },
                    {
                        "id": 16,
                        "name": "Barbeque Nation",
                        "custom_fields": [],
                        "has_media": true,
                        "rate": null,
                        "pivot": {
                            "cuisine_id": 2,
                            "restaurant_id": 16
                        },
                        "media": [
                            {
                                "id": 85,
                                "model_type": "App\\Models\\Restaurant",
                                "model_id": 16,
                                "collection_name": "image",
                                "name": "pro2",
                                "file_name": "pro2.jpg",
                                "mime_type": "image/jpeg",
                                "disk": "public",
                                "size": 8220,
                                "manipulations": [],
                                "custom_properties": {
                                    "uuid": "c1302274-0cbb-4c16-9f26-82c0a3a220e7",
                                    "user_id": 1,
                                    "generated_conversions": {
                                        "thumb": true,
                                        "icon": true
                                    }
                                },
                                "responsive_images": [],
                                "order_column": 82,
                                "created_at": "2021-03-02 08:18:12",
                                "updated_at": "2021-03-02 08:18:12",
                                "url": "https://hyperlocal.cartlabs.com/storage/app/public/85/pro2.jpg",
                                "thumb": "https://hyperlocal.cartlabs.com/storage/app/public/85/conversions/pro2-thumb.jpg",
                                "icon": "https://hyperlocal.cartlabs.com/storage/app/public/85/conversions/pro2-icon.jpg",
                                "formated_size": "8 KB"
                            }
                        ]
                    },
                    {
                        "id": 17,
                        "name": "Prince ki rasoi",
                        "custom_fields": [],
                        "has_media": true,
                        "rate": null,
                        "pivot": {
                            "cuisine_id": 2,
                            "restaurant_id": 17
                        },
                        "media": [
                            {
                                "id": 210,
                                "model_type": "App\\Models\\Restaurant",
                                "model_id": 17,
                                "collection_name": "image",
                                "name": "banner6",
                                "file_name": "banner6.jpg",
                                "mime_type": "image/jpeg",
                                "disk": "public",
                                "size": 190397,
                                "manipulations": [],
                                "custom_properties": {
                                    "uuid": "3f2560b5-4c28-46dc-961c-c0845e287480",
                                    "user_id": 1,
                                    "generated_conversions": {
                                        "thumb": true,
                                        "icon": true
                                    }
                                },
                                "responsive_images": [],
                                "order_column": 205,
                                "created_at": "2021-03-12 11:22:45",
                                "updated_at": "2021-03-12 11:22:45",
                                "url": "https://hyperlocal.cartlabs.com/storage/app/public/210/banner6.jpg",
                                "thumb": "https://hyperlocal.cartlabs.com/storage/app/public/210/conversions/banner6-thumb.jpg",
                                "icon": "https://hyperlocal.cartlabs.com/storage/app/public/210/conversions/banner6-icon.jpg",
                                "formated_size": "185.9 KB"
                            }
                        ]
                    },
                    {
                        "id": 18,
                        "name": "chili's",
                        "custom_fields": [],
                        "has_media": true,
                        "rate": null,
                        "pivot": {
                            "cuisine_id": 2,
                            "restaurant_id": 18
                        },
                        "media": [
                            {
                                "id": 211,
                                "model_type": "App\\Models\\Restaurant",
                                "model_id": 18,
                                "collection_name": "image",
                                "name": "4",
                                "file_name": "4.jpg",
                                "mime_type": "image/jpeg",
                                "disk": "public",
                                "size": 33720,
                                "manipulations": [],
                                "custom_properties": {
                                    "uuid": "81865615-ff7b-4063-9b07-2db372f5997c",
                                    "user_id": 1,
                                    "generated_conversions": {
                                        "thumb": true,
                                        "icon": true
                                    }
                                },
                                "responsive_images": [],
                                "order_column": 206,
                                "created_at": "2021-03-12 11:52:11",
                                "updated_at": "2021-03-12 11:52:11",
                                "url": "https://hyperlocal.cartlabs.com/storage/app/public/211/4.jpg",
                                "thumb": "https://hyperlocal.cartlabs.com/storage/app/public/211/conversions/4-thumb.jpg",
                                "icon": "https://hyperlocal.cartlabs.com/storage/app/public/211/conversions/4-icon.jpg",
                                "formated_size": "32.9 KB"
                            }
                        ]
                    },
                    {
                        "id": 20,
                        "name": "barbeque",
                        "custom_fields": [],
                        "has_media": false,
                        "rate": null,
                        "pivot": {
                            "cuisine_id": 2,
                            "restaurant_id": 20
                        },
                        "media": []
                    },
                    {
                        "id": 21,
                        "name": "loren",
                        "custom_fields": [],
                        "has_media": false,
                        "rate": null,
                        "pivot": {
                            "cuisine_id": 2,
                            "restaurant_id": 21
                        },
                        "media": []
                    }
                ]
            },
            {
                "id": 3,
                "name": "Thai",
                "description": "Est nihil omnis natus ducimus ducimus excepturi quos. Et praesentium in quia veniam. Tempore aut nesciunt consequatur pariatur recusandae. Voluptatem commodi eius quaerat est deleniti impedit. Qui quo harum est sequi incidunt labore eligendi cum.",
                "created_at": "2020-04-11 15:03:21",
                "updated_at": "2020-04-11 15:03:21",
                "custom_fields": [],
                "restaurants": [
                    {
                        "id": 2,
                        "name": "Meal Christiansen Group",
                        "custom_fields": [],
                        "has_media": true,
                        "rate": "3.0",
                        "pivot": {
                            "cuisine_id": 3,
                            "restaurant_id": 2
                        },
                        "media": [
                            {
                                "id": 175,
                                "model_type": "App\\Models\\Restaurant",
                                "model_id": 2,
                                "collection_name": "image",
                                "name": "restaurantsSlides",
                                "file_name": "restaurantsSlides.jpg",
                                "mime_type": "image/jpeg",
                                "disk": "public",
                                "size": 322785,
                                "manipulations": [],
                                "custom_properties": {
                                    "uuid": "c6fba814-2274-4ae2-9b83-afd9169d9a28",
                                    "user_id": 1,
                                    "generated_conversions": {
                                        "thumb": true,
                                        "icon": true
                                    }
                                },
                                "responsive_images": [],
                                "order_column": 171,
                                "created_at": "2021-03-04 09:16:28",
                                "updated_at": "2021-03-04 09:16:28",
                                "url": "https://hyperlocal.cartlabs.com/storage/app/public/175/restaurantsSlides.jpg",
                                "thumb": "https://hyperlocal.cartlabs.com/storage/app/public/175/conversions/restaurantsSlides-thumb.jpg",
                                "icon": "https://hyperlocal.cartlabs.com/storage/app/public/175/conversions/restaurantsSlides-icon.jpg",
                                "formated_size": "315.2 KB"
                            }
                        ]
                    },
                    {
                        "id": 6,
                        "name": "Pizza Heidenreich, Mayert and Dibbert",
                        "custom_fields": [],
                        "has_media": false,
                        "rate": "3.0",
                        "pivot": {
                            "cuisine_id": 3,
                            "restaurant_id": 6
                        },
                        "media": []
                    },
                    {
                        "id": 16,
                        "name": "Barbeque Nation",
                        "custom_fields": [],
                        "has_media": true,
                        "rate": null,
                        "pivot": {
                            "cuisine_id": 3,
                            "restaurant_id": 16
                        },
                        "media": [
                            {
                                "id": 85,
                                "model_type": "App\\Models\\Restaurant",
                                "model_id": 16,
                                "collection_name": "image",
                                "name": "pro2",
                                "file_name": "pro2.jpg",
                                "mime_type": "image/jpeg",
                                "disk": "public",
                                "size": 8220,
                                "manipulations": [],
                                "custom_properties": {
                                    "uuid": "c1302274-0cbb-4c16-9f26-82c0a3a220e7",
                                    "user_id": 1,
                                    "generated_conversions": {
                                        "thumb": true,
                                        "icon": true
                                    }
                                },
                                "responsive_images": [],
                                "order_column": 82,
                                "created_at": "2021-03-02 08:18:12",
                                "updated_at": "2021-03-02 08:18:12",
                                "url": "https://hyperlocal.cartlabs.com/storage/app/public/85/pro2.jpg",
                                "thumb": "https://hyperlocal.cartlabs.com/storage/app/public/85/conversions/pro2-thumb.jpg",
                                "icon": "https://hyperlocal.cartlabs.com/storage/app/public/85/conversions/pro2-icon.jpg",
                                "formated_size": "8 KB"
                            }
                        ]
                    },
                    {
                        "id": 18,
                        "name": "chili's",
                        "custom_fields": [],
                        "has_media": true,
                        "rate": null,
                        "pivot": {
                            "cuisine_id": 3,
                            "restaurant_id": 18
                        },
                        "media": [
                            {
                                "id": 211,
                                "model_type": "App\\Models\\Restaurant",
                                "model_id": 18,
                                "collection_name": "image",
                                "name": "4",
                                "file_name": "4.jpg",
                                "mime_type": "image/jpeg",
                                "disk": "public",
                                "size": 33720,
                                "manipulations": [],
                                "custom_properties": {
                                    "uuid": "81865615-ff7b-4063-9b07-2db372f5997c",
                                    "user_id": 1,
                                    "generated_conversions": {
                                        "thumb": true,
                                        "icon": true
                                    }
                                },
                                "responsive_images": [],
                                "order_column": 206,
                                "created_at": "2021-03-12 11:52:11",
                                "updated_at": "2021-03-12 11:52:11",
                                "url": "https://hyperlocal.cartlabs.com/storage/app/public/211/4.jpg",
                                "thumb": "https://hyperlocal.cartlabs.com/storage/app/public/211/conversions/4-thumb.jpg",
                                "icon": "https://hyperlocal.cartlabs.com/storage/app/public/211/conversions/4-icon.jpg",
                                "formated_size": "32.9 KB"
                            }
                        ]
                    }
                ]
            },
            {
                "id": 4,
                "name": "Greek",
                "description": "Ex nostrum suscipit aut et labore. Ut dolor ut eum eum voluptatem ex. Sapiente in tempora soluta voluptatem. Officia accusantium quae sit. Rerum esse ipsa molestias dolorem et est autem consequatur.",
                "created_at": "2020-04-11 15:03:21",
                "updated_at": "2020-04-11 15:03:21",
                "custom_fields": [],
                "restaurants": [
                    {
                        "id": 1,
                        "name": "Meal Conroy Group",
                        "custom_fields": [],
                        "has_media": true,
                        "rate": null,
                        "pivot": {
                            "cuisine_id": 4,
                            "restaurant_id": 1
                        },
                        "media": [
                            {
                                "id": 43,
                                "model_type": "App\\Models\\Restaurant",
                                "model_id": 1,
                                "collection_name": "image",
                                "name": "1",
                                "file_name": "1.jpg",
                                "mime_type": "image/jpeg",
                                "disk": "public",
                                "size": 9808,
                                "manipulations": [],
                                "custom_properties": {
                                    "uuid": "a6644bef-7c7c-4daa-8cdf-120a48a0136a",
                                    "user_id": 1,
                                    "generated_conversions": {
                                        "thumb": true,
                                        "icon": true
                                    }
                                },
                                "responsive_images": [],
                                "order_column": 41,
                                "created_at": "2021-03-01 10:34:52",
                                "updated_at": "2021-03-01 10:34:52",
                                "url": "https://hyperlocal.cartlabs.com/storage/app/public/43/1.jpg",
                                "thumb": "https://hyperlocal.cartlabs.com/storage/app/public/43/conversions/1-thumb.jpg",
                                "icon": "https://hyperlocal.cartlabs.com/storage/app/public/43/conversions/1-icon.jpg",
                                "formated_size": "9.6 KB"
                            }
                        ]
                    },
                    {
                        "id": 3,
                        "name": "Meal McLaughlin PLC",
                        "custom_fields": [],
                        "has_media": false,
                        "rate": "3.0",
                        "pivot": {
                            "cuisine_id": 4,
                            "restaurant_id": 3
                        },
                        "media": []
                    },
                    {
                        "id": 18,
                        "name": "chili's",
                        "custom_fields": [],
                        "has_media": true,
                        "rate": null,
                        "pivot": {
                            "cuisine_id": 4,
                            "restaurant_id": 18
                        },
                        "media": [
                            {
                                "id": 211,
                                "model_type": "App\\Models\\Restaurant",
                                "model_id": 18,
                                "collection_name": "image",
                                "name": "4",
                                "file_name": "4.jpg",
                                "mime_type": "image/jpeg",
                                "disk": "public",
                                "size": 33720,
                                "manipulations": [],
                                "custom_properties": {
                                    "uuid": "81865615-ff7b-4063-9b07-2db372f5997c",
                                    "user_id": 1,
                                    "generated_conversions": {
                                        "thumb": true,
                                        "icon": true
                                    }
                                },
                                "responsive_images": [],
                                "order_column": 206,
                                "created_at": "2021-03-12 11:52:11",
                                "updated_at": "2021-03-12 11:52:11",
                                "url": "https://hyperlocal.cartlabs.com/storage/app/public/211/4.jpg",
                                "thumb": "https://hyperlocal.cartlabs.com/storage/app/public/211/conversions/4-thumb.jpg",
                                "icon": "https://hyperlocal.cartlabs.com/storage/app/public/211/conversions/4-icon.jpg",
                                "formated_size": "32.9 KB"
                            }
                        ]
                    }
                ]
            },
            {
                "id": 5,
                "name": "Vietnamese",
                "description": "Dolorum earum ut blanditiis blanditiis. Facere quis voluptates assumenda saepe. Ab aspernatur voluptatibus rem doloremque cum impedit. Itaque blanditiis commodi repudiandae asperiores. Modi atque placeat consectetur et aut blanditiis.",
                "created_at": "2020-04-11 15:03:21",
                "updated_at": "2020-04-11 15:03:21",
                "custom_fields": [],
                "restaurants": [
                    {
                        "id": 8,
                        "name": "Foody Von, O'Kon and Stamm",
                        "custom_fields": [],
                        "has_media": false,
                        "rate": "3.3",
                        "pivot": {
                            "cuisine_id": 5,
                            "restaurant_id": 8
                        },
                        "media": []
                    },
                    {
                        "id": 10,
                        "name": "Restaurant Erdman Group",
                        "custom_fields": [],
                        "has_media": false,
                        "rate": "4.0",
                        "pivot": {
                            "cuisine_id": 5,
                            "restaurant_id": 10
                        },
                        "media": []
                    },
                    {
                        "id": 18,
                        "name": "chili's",
                        "custom_fields": [],
                        "has_media": true,
                        "rate": null,
                        "pivot": {
                            "cuisine_id": 5,
                            "restaurant_id": 18
                        },
                        "media": [
                            {
                                "id": 211,
                                "model_type": "App\\Models\\Restaurant",
                                "model_id": 18,
                                "collection_name": "image",
                                "name": "4",
                                "file_name": "4.jpg",
                                "mime_type": "image/jpeg",
                                "disk": "public",
                                "size": 33720,
                                "manipulations": [],
                                "custom_properties": {
                                    "uuid": "81865615-ff7b-4063-9b07-2db372f5997c",
                                    "user_id": 1,
                                    "generated_conversions": {
                                        "thumb": true,
                                        "icon": true
                                    }
                                },
                                "responsive_images": [],
                                "order_column": 206,
                                "created_at": "2021-03-12 11:52:11",
                                "updated_at": "2021-03-12 11:52:11",
                                "url": "https://hyperlocal.cartlabs.com/storage/app/public/211/4.jpg",
                                "thumb": "https://hyperlocal.cartlabs.com/storage/app/public/211/conversions/4-thumb.jpg",
                                "icon": "https://hyperlocal.cartlabs.com/storage/app/public/211/conversions/4-icon.jpg",
                                "formated_size": "32.9 KB"
                            }
                        ]
                    }
                ]
            },
            {
                "id": 6,
                "name": "French",
                "description": "Est et iste enim. Quam repudiandae commodi rerum non esse. Et in aut sequi est aspernatur. Facere non modi expedita asperiores. Ipsa laborum saepe deserunt qui consequatur voluptas inventore dolorum.",
                "created_at": "2020-04-11 15:03:21",
                "updated_at": "2020-04-11 15:03:21",
                "custom_fields": [],
                "restaurants": [
                    {
                        "id": 5,
                        "name": "Foody Barton-Emmerich",
                        "custom_fields": [],
                        "has_media": false,
                        "rate": "3.0",
                        "pivot": {
                            "cuisine_id": 6,
                            "restaurant_id": 5
                        },
                        "media": []
                    },
                    {
                        "id": 16,
                        "name": "Barbeque Nation",
                        "custom_fields": [],
                        "has_media": true,
                        "rate": null,
                        "pivot": {
                            "cuisine_id": 6,
                            "restaurant_id": 16
                        },
                        "media": [
                            {
                                "id": 85,
                                "model_type": "App\\Models\\Restaurant",
                                "model_id": 16,
                                "collection_name": "image",
                                "name": "pro2",
                                "file_name": "pro2.jpg",
                                "mime_type": "image/jpeg",
                                "disk": "public",
                                "size": 8220,
                                "manipulations": [],
                                "custom_properties": {
                                    "uuid": "c1302274-0cbb-4c16-9f26-82c0a3a220e7",
                                    "user_id": 1,
                                    "generated_conversions": {
                                        "thumb": true,
                                        "icon": true
                                    }
                                },
                                "responsive_images": [],
                                "order_column": 82,
                                "created_at": "2021-03-02 08:18:12",
                                "updated_at": "2021-03-02 08:18:12",
                                "url": "https://hyperlocal.cartlabs.com/storage/app/public/85/pro2.jpg",
                                "thumb": "https://hyperlocal.cartlabs.com/storage/app/public/85/conversions/pro2-thumb.jpg",
                                "icon": "https://hyperlocal.cartlabs.com/storage/app/public/85/conversions/pro2-icon.jpg",
                                "formated_size": "8 KB"
                            }
                        ]
                    },
                    {
                        "id": 18,
                        "name": "chili's",
                        "custom_fields": [],
                        "has_media": true,
                        "rate": null,
                        "pivot": {
                            "cuisine_id": 6,
                            "restaurant_id": 18
                        },
                        "media": [
                            {
                                "id": 211,
                                "model_type": "App\\Models\\Restaurant",
                                "model_id": 18,
                                "collection_name": "image",
                                "name": "4",
                                "file_name": "4.jpg",
                                "mime_type": "image/jpeg",
                                "disk": "public",
                                "size": 33720,
                                "manipulations": [],
                                "custom_properties": {
                                    "uuid": "81865615-ff7b-4063-9b07-2db372f5997c",
                                    "user_id": 1,
                                    "generated_conversions": {
                                        "thumb": true,
                                        "icon": true
                                    }
                                },
                                "responsive_images": [],
                                "order_column": 206,
                                "created_at": "2021-03-12 11:52:11",
                                "updated_at": "2021-03-12 11:52:11",
                                "url": "https://hyperlocal.cartlabs.com/storage/app/public/211/4.jpg",
                                "thumb": "https://hyperlocal.cartlabs.com/storage/app/public/211/conversions/4-thumb.jpg",
                                "icon": "https://hyperlocal.cartlabs.com/storage/app/public/211/conversions/4-icon.jpg",
                                "formated_size": "32.9 KB"
                            }
                        ]
                    }
                ]
            }
        ],
        "message": "Cuisines retrieved successfully"
    }
]