[
    {
        "success": true,
        "data": [
            {
                "distance": 0.7414365340362404,
                "area": 0.7414365340362404,
                "id": 17,
                "name": "Prince ki rasoi",
                "description": "khguguyguogbugy",
                "address": "Shop No. 410, Sector 45, Opp Ramada Hotel, Gurugram, Haryana 122003",
                "latitude": "28.4493974",
                "longitude": "77.07045169999999",
                "phone": "9774743843",
                "mobile": "8463846338",
                "information": "sdgsdgdsg",
                "admin_commission": 20,
                "delivery_fee": 20,
                "delivery_range": 23,
                "default_tax": 19,
                "closed": false,
                "active": true,
                "available_for_delivery": true,
                "created_at": "2021-03-12 11:22:45",
                "updated_at": "2021-03-12 11:22:45",
                "custom_fields": [],
                "has_media": true,
                "rate": null,
                "media": [
                    {
                        "id": 210,
                        "model_type": "App\\Models\\Restaurant",
                        "model_id": 17,
                        "collection_name": "image",
                        "name": "banner6",
                        "file_name": "banner6.jpg",
                        "mime_type": "image/jpeg",
                        "disk": "public",
                        "size": 190397,
                        "manipulations": [],
                        "custom_properties": {
                            "uuid": "3f2560b5-4c28-46dc-961c-c0845e287480",
                            "user_id": 1,
                            "generated_conversions": {
                                "thumb": true,
                                "icon": true
                            }
                        },
                        "responsive_images": [],
                        "order_column": 205,
                        "created_at": "2021-03-12 11:22:45",
                        "updated_at": "2021-03-12 11:22:45",
                        "url": "https://hyperlocal.cartlabs.com/storage/app/public/210/banner6.jpg",
                        "thumb": "https://hyperlocal.cartlabs.com/storage/app/public/210/conversions/banner6-thumb.jpg",
                        "icon": "https://hyperlocal.cartlabs.com/storage/app/public/210/conversions/banner6-icon.jpg",
                        "formated_size": "185.9 KB"
                    }
                ]
            },
            {
                "distance": 0.7414365340362404,
                "area": 0.7414365340362404,
                "id": 20,
                "name": "barbeque",
                "description": "ewtet",
                "address": "sector 30, gurugram",
                "latitude": "28.4493974",
                "longitude": "77.07045169999999",
                "phone": "8655774455",
                "mobile": "5645345235",
                "information": "wetey",
                "admin_commission": 4,
                "delivery_fee": 23,
                "delivery_range": 3,
                "default_tax": 23,
                "closed": false,
                "active": true,
                "available_for_delivery": true,
                "created_at": "2021-03-19 05:10:33",
                "updated_at": "2021-03-19 05:10:33",
                "custom_fields": [],
                "has_media": false,
                "rate": null,
                "media": []
            },
            {
                "distance": 15.1138974465291,
                "area": 15.1138974465291,
                "id": 18,
                "name": "chili's",
                "description": "chilli's is located in delhi",
                "address": "3rd Floor, DLF Mall Of India, Sector 18, F451, Noida, Uttar Pradesh 201301",
                "latitude": "28.6316667",
                "longitude": "77.22222219999999",
                "phone": "3545645656",
                "mobile": "6565465666",
                "information": "All food is served here",
                "admin_commission": 22,
                "delivery_fee": 50,
                "delivery_range": 50,
                "default_tax": 20,
                "closed": false,
                "active": true,
                "available_for_delivery": true,
                "created_at": "2021-03-12 11:52:11",
                "updated_at": "2021-03-12 11:52:11",
                "custom_fields": [],
                "has_media": true,
                "rate": null,
                "media": [
                    {
                        "id": 211,
                        "model_type": "App\\Models\\Restaurant",
                        "model_id": 18,
                        "collection_name": "image",
                        "name": "4",
                        "file_name": "4.jpg",
                        "mime_type": "image/jpeg",
                        "disk": "public",
                        "size": 33720,
                        "manipulations": [],
                        "custom_properties": {
                            "uuid": "81865615-ff7b-4063-9b07-2db372f5997c",
                            "user_id": 1,
                            "generated_conversions": {
                                "thumb": true,
                                "icon": true
                            }
                        },
                        "responsive_images": [],
                        "order_column": 206,
                        "created_at": "2021-03-12 11:52:11",
                        "updated_at": "2021-03-12 11:52:11",
                        "url": "https://hyperlocal.cartlabs.com/storage/app/public/211/4.jpg",
                        "thumb": "https://hyperlocal.cartlabs.com/storage/app/public/211/conversions/4-thumb.jpg",
                        "icon": "https://hyperlocal.cartlabs.com/storage/app/public/211/conversions/4-icon.jpg",
                        "formated_size": "32.9 KB"
                    }
                ]
            },
            {
                "distance": 3349.3966503235065,
                "area": 3349.3966503235065,
                "id": 1,
                "name": "Meal Conroy Group",
                "description": "Et suscipit ut consequatur culpa. Beatae sint repellat eum aut possimus voluptas vel fugiat. Quia totam explicabo necessitatibus et illo odit voluptatem.",
                "address": "257 Fisher Bridge Apt. 465East Drake, DE 13688-2135",
                "latitude": "53.552929",
                "longitude": "7.267254",
                "phone": "+1 (817) 757-4953",
                "mobile": "317.725.3949",
                "information": "Recusandae ipsum officia odio a sit magnam aut repellendus. Eos ad cupiditate fuga voluptas optio. Qui itaque alias ullam odit.",
                "admin_commission": 33.92,
                "delivery_fee": 9.83,
                "delivery_range": 7.74,
                "default_tax": 19.25,
                "closed": false,
                "active": true,
                "available_for_delivery": false,
                "created_at": "2021-01-18 20:20:59",
                "updated_at": "2021-03-01 10:34:52",
                "custom_fields": [],
                "has_media": true,
                "rate": null,
                "media": [
                    {
                        "id": 43,
                        "model_type": "App\\Models\\Restaurant",
                        "model_id": 1,
                        "collection_name": "image",
                        "name": "1",
                        "file_name": "1.jpg",
                        "mime_type": "image/jpeg",
                        "disk": "public",
                        "size": 9808,
                        "manipulations": [],
                        "custom_properties": {
                            "uuid": "a6644bef-7c7c-4daa-8cdf-120a48a0136a",
                            "user_id": 1,
                            "generated_conversions": {
                                "thumb": true,
                                "icon": true
                            }
                        },
                        "responsive_images": [],
                        "order_column": 41,
                        "created_at": "2021-03-01 10:34:52",
                        "updated_at": "2021-03-01 10:34:52",
                        "url": "https://hyperlocal.cartlabs.com/storage/app/public/43/1.jpg",
                        "thumb": "https://hyperlocal.cartlabs.com/storage/app/public/43/conversions/1-thumb.jpg",
                        "icon": "https://hyperlocal.cartlabs.com/storage/app/public/43/conversions/1-icon.jpg",
                        "formated_size": "9.6 KB"
                    }
                ]
            },
            {
                "distance": 3349.3966503235065,
                "area": 3349.3966503235065,
                "id": 22,
                "name": "testNEW",
                "description": "test1",
                "address": "dasd",
                "latitude": "53.552929",
                "longitude": "7.267254",
                "phone": "+1 (817) 757-4953",
                "mobile": "dasd",
                "information": "Recusandae ipsum officia odio a sit magnam aut repellendus. Eos ad cupiditate fuga voluptas optio. Qui itaque alias ullam odit.",
                "admin_commission": 33.92,
                "delivery_fee": 9.83,
                "delivery_range": 7.74,
                "default_tax": 19.2,
                "closed": false,
                "active": true,
                "available_for_delivery": false,
                "created_at": "2021-03-19 08:37:41",
                "updated_at": "2021-03-19 08:59:35",
                "custom_fields": [],
                "has_media": false,
                "rate": null,
                "media": []
            },
            {
                "distance": 3349.3966503235065,
                "area": 3349.3966503235065,
                "id": 23,
                "name": "test1",
                "description": "test1",
                "address": "dasd",
                "latitude": "53.552929",
                "longitude": "7.267254",
                "phone": "+1 (817) 757-4953",
                "mobile": "dasd",
                "information": "Recusandae ipsum officia odio a sit magnam aut repellendus. Eos ad cupiditate fuga voluptas optio. Qui itaque alias ullam odit.",
                "admin_commission": 33.92,
                "delivery_fee": 9.83,
                "delivery_range": 7.74,
                "default_tax": 19.2,
                "closed": false,
                "active": true,
                "available_for_delivery": false,
                "created_at": "2021-03-19 08:42:44",
                "updated_at": "2021-03-19 08:42:44",
                "custom_fields": [],
                "has_media": false,
                "rate": null,
                "media": []
            },
            {
                "distance": 3349.3966503235065,
                "area": 3349.3966503235065,
                "id": 25,
                "name": "test1",
                "description": "test1",
                "address": "dasd",
                "latitude": "53.552929",
                "longitude": "7.267254",
                "phone": "+1 (817) 757-4953",
                "mobile": "dasd",
                "information": "Recusandae ipsum officia odio a sit magnam aut repellendus. Eos ad cupiditate fuga voluptas optio. Qui itaque alias ullam odit.",
                "admin_commission": 33.92,
                "delivery_fee": 9.83,
                "delivery_range": 7.74,
                "default_tax": 19.2,
                "closed": false,
                "active": true,
                "available_for_delivery": false,
                "created_at": "2021-03-19 08:51:17",
                "updated_at": "2021-03-19 08:51:17",
                "custom_fields": [],
                "has_media": false,
                "rate": null,
                "media": []
            },
            {
                "distance": 3488.9798269010084,
                "area": 3488.9798269010084,
                "id": 11,
                "name": "Sagar Gaire",
                "description": "<span style=\"color: rgb(33, 33, 33); font-family: \" open=\"\" sans\",=\"\" sans-serif;=\"\" font-size:=\"\" 14.4px;=\"\" letter-spacing:=\"\" 1px;\"=\"\">Donec bibendum ligula sit amet auctor vulputate. Maecenas elementum, magna nec interdum venenatis, nibh enim gravida sem, id consectetur justo erat non tortor. Nam ultricies eget erat quis dapibus. Aenean eu scelerisque lacus, et fringilla odio</span><br>",
                "address": "A79, Sector 19, Rohini, Delhi, 110042, India",
                "latitude": "44.153221",
                "longitude": "10.183314",
                "phone": "0755-974625",
                "mobile": "8970546353",
                "information": "<span style=\"color: rgb(33, 33, 33); font-family: \" open=\"\" sans\",=\"\" sans-serif;=\"\" font-size:=\"\" 14.4px;=\"\" letter-spacing:=\"\" 1px;\"=\"\">Donec bibendum ligula sit amet auctor vulputate. Maecenas elementum, magna nec interdum venenatis, nibh enim gravida sem, id consectetur justo erat non tortor. Nam ultricies eget erat quis dapibus. Aenean eu scelerisque lacus, et fringilla odio</span><br>",
                "admin_commission": 50,
                "delivery_fee": 11,
                "delivery_range": 100,
                "default_tax": 5,
                "closed": false,
                "active": true,
                "available_for_delivery": true,
                "created_at": "2021-02-24 11:55:26",
                "updated_at": "2021-03-03 07:08:17",
                "custom_fields": [],
                "has_media": true,
                "rate": null,
                "media": [
                    {
                        "id": 129,
                        "model_type": "App\\Models\\Restaurant",
                        "model_id": 11,
                        "collection_name": "image",
                        "name": "1",
                        "file_name": "1.jpg",
                        "mime_type": "image/jpeg",
                        "disk": "public",
                        "size": 439415,
                        "manipulations": [],
                        "custom_properties": {
                            "uuid": "a838ba0b-c2d9-4c7d-bc36-4c54c75571a3",
                            "user_id": 1,
                            "generated_conversions": {
                                "thumb": true,
                                "icon": true
                            }
                        },
                        "responsive_images": [],
                        "order_column": 125,
                        "created_at": "2021-03-02 12:45:50",
                        "updated_at": "2021-03-02 12:45:50",
                        "url": "https://hyperlocal.cartlabs.com/storage/app/public/129/1.jpg",
                        "thumb": "https://hyperlocal.cartlabs.com/storage/app/public/129/conversions/1-thumb.jpg",
                        "icon": "https://hyperlocal.cartlabs.com/storage/app/public/129/conversions/1-icon.jpg",
                        "formated_size": "429.1 KB"
                    }
                ]
            },
            {
                "distance": 3488.9798269010084,
                "area": 3488.9798269010084,
                "id": 13,
                "name": "Sagar House Of Food",
                "description": "<span style=\"color: rgb(33, 33, 33); font-family: \"Open Sans\", sans-serif; font-size: 14.4px; letter-spacing: 1px;\">Donec bibendum ligula sit amet auctor vulputate. Maecenas elementum, magna nec interdum venenatis, nibh enim gravida sem, id consectetur justo erat non tortor. Nam ultricies eget erat quis dapibus. Aenean eu scelerisque lacus, et fringilla odio.</span><br>",
                "address": "A79, Sector 19, Rohini, Delhi, 110042, India",
                "latitude": "44.153221",
                "longitude": "10.183314",
                "phone": "9958310161",
                "mobile": "9958310161",
                "information": null,
                "admin_commission": 10,
                "delivery_fee": 2,
                "delivery_range": 25,
                "default_tax": 11,
                "closed": false,
                "active": true,
                "available_for_delivery": true,
                "created_at": "2021-02-24 11:58:26",
                "updated_at": "2021-03-02 12:46:27",
                "custom_fields": [],
                "has_media": true,
                "rate": null,
                "media": [
                    {
                        "id": 131,
                        "model_type": "App\\Models\\Restaurant",
                        "model_id": 13,
                        "collection_name": "image",
                        "name": "2",
                        "file_name": "2.jpg",
                        "mime_type": "image/jpeg",
                        "disk": "public",
                        "size": 227190,
                        "manipulations": [],
                        "custom_properties": {
                            "uuid": "7f3f7cb0-50bc-4ad9-962c-d75d0f251505",
                            "user_id": 1,
                            "generated_conversions": {
                                "thumb": true,
                                "icon": true
                            }
                        },
                        "responsive_images": [],
                        "order_column": 127,
                        "created_at": "2021-03-02 12:46:27",
                        "updated_at": "2021-03-02 12:46:27",
                        "url": "https://hyperlocal.cartlabs.com/storage/app/public/131/2.jpg",
                        "thumb": "https://hyperlocal.cartlabs.com/storage/app/public/131/conversions/2-thumb.jpg",
                        "icon": "https://hyperlocal.cartlabs.com/storage/app/public/131/conversions/2-icon.jpg",
                        "formated_size": "221.9 KB"
                    }
                ]
            },
            {
                "distance": 3488.9798269010084,
                "area": 3488.9798269010084,
                "id": 14,
                "name": "Antique",
                "description": "<span style=\"color: rgb(34, 34, 34); font-family: arial, sans-serif; font-size: 14px;\">Reservations required · Mask required · Staff wear masks · Staff get temperature checks · Staff required to disinfect surfaces between visits </span><br>",
                "address": "A79, Sector 19, Rohini, Delhi, 110042, India",
                "latitude": "44.153221",
                "longitude": "10.183314",
                "phone": "+919958310161",
                "mobile": "+919958310161",
                "information": null,
                "admin_commission": 20,
                "delivery_fee": 8,
                "delivery_range": 32,
                "default_tax": 11,
                "closed": false,
                "active": true,
                "available_for_delivery": true,
                "created_at": "2021-02-26 10:37:01",
                "updated_at": "2021-02-26 10:37:21",
                "custom_fields": [],
                "has_media": true,
                "rate": null,
                "media": [
                    {
                        "id": 83,
                        "model_type": "App\\Models\\Restaurant",
                        "model_id": 14,
                        "collection_name": "image",
                        "name": "slider1",
                        "file_name": "slider1.png",
                        "mime_type": "image/jpeg",
                        "disk": "public",
                        "size": 582813,
                        "manipulations": [],
                        "custom_properties": {
                            "uuid": "5db52470-8e50-4655-a30c-ff4963aaee70",
                            "user_id": 1,
                            "generated_conversions": {
                                "thumb": true,
                                "icon": true
                            }
                        },
                        "responsive_images": [],
                        "order_column": 80,
                        "created_at": "2021-03-02 08:17:54",
                        "updated_at": "2021-03-02 08:17:54",
                        "url": "https://hyperlocal.cartlabs.com/storage/app/public/83/slider1.png",
                        "thumb": "https://hyperlocal.cartlabs.com/storage/app/public/83/conversions/slider1-thumb.jpg",
                        "icon": "https://hyperlocal.cartlabs.com/storage/app/public/83/conversions/slider1-icon.jpg",
                        "formated_size": "569.2 KB"
                    }
                ]
            },
            {
                "distance": 3488.9798269010084,
                "area": 3488.9798269010084,
                "id": 15,
                "name": "The Lonesome Dove",
                "description": "lateraset sheets containing Lorem Ipkudg passages, and more recently with desktop ",
                "address": "A79, Sector 19, Rohini, Delhi, 110042, India",
                "latitude": "44.153221",
                "longitude": "10.183314",
                "phone": "+919958310161",
                "mobile": "+919958310161",
                "information": "lateraset sheets containing Lorem Ipkudg passages, and more recently with desktop <br>",
                "admin_commission": 48,
                "delivery_fee": 12,
                "delivery_range": 16,
                "default_tax": 7,
                "closed": false,
                "active": true,
                "available_for_delivery": true,
                "created_at": "2021-03-01 07:49:07",
                "updated_at": "2021-03-02 12:46:44",
                "custom_fields": [],
                "has_media": true,
                "rate": null,
                "media": [
                    {
                        "id": 133,
                        "model_type": "App\\Models\\Restaurant",
                        "model_id": 15,
                        "collection_name": "image",
                        "name": "3",
                        "file_name": "3.jpg",
                        "mime_type": "image/jpeg",
                        "disk": "public",
                        "size": 208840,
                        "manipulations": [],
                        "custom_properties": {
                            "uuid": "a32944af-0469-47eb-93b5-95b66474178a",
                            "user_id": 1,
                            "generated_conversions": {
                                "thumb": true,
                                "icon": true
                            }
                        },
                        "responsive_images": [],
                        "order_column": 129,
                        "created_at": "2021-03-02 12:46:44",
                        "updated_at": "2021-03-02 12:46:44",
                        "url": "https://hyperlocal.cartlabs.com/storage/app/public/133/3.jpg",
                        "thumb": "https://hyperlocal.cartlabs.com/storage/app/public/133/conversions/3-thumb.jpg",
                        "icon": "https://hyperlocal.cartlabs.com/storage/app/public/133/conversions/3-icon.jpg",
                        "formated_size": "203.9 KB"
                    }
                ]
            },
            {
                "distance": 3589.789113123932,
                "area": 3589.789113123932,
                "id": 2,
                "name": "Meal Christiansen Group",
                "description": "Fuga dolorum nihil porro libero eos tenetur rerum. Corporis omnis facilis consectetur quia rerum. Modi quae earum commodi perspiciatis provident.",
                "address": "824 Cronin MallNew Okeyborough, WI 70612",
                "latitude": "43.348647",
                "longitude": "8.628082",
                "phone": "717-576-2470 x43103",
                "mobile": "381.623.5278",
                "information": "Temporibus omnis porro ipsa et ex eius. Consequatur facere eum tenetur reiciendis. Sunt nihil quos veritatis porro.",
                "admin_commission": 23.69,
                "delivery_fee": 7.14,
                "delivery_range": 10.66,
                "default_tax": 16.06,
                "closed": false,
                "active": true,
                "available_for_delivery": true,
                "created_at": "2021-01-18 20:20:59",
                "updated_at": "2021-03-02 12:47:14",
                "custom_fields": [],
                "has_media": true,
                "rate": "3.0",
                "media": [
                    {
                        "id": 175,
                        "model_type": "App\\Models\\Restaurant",
                        "model_id": 2,
                        "collection_name": "image",
                        "name": "restaurantsSlides",
                        "file_name": "restaurantsSlides.jpg",
                        "mime_type": "image/jpeg",
                        "disk": "public",
                        "size": 322785,
                        "manipulations": [],
                        "custom_properties": {
                            "uuid": "c6fba814-2274-4ae2-9b83-afd9169d9a28",
                            "user_id": 1,
                            "generated_conversions": {
                                "thumb": true,
                                "icon": true
                            }
                        },
                        "responsive_images": [],
                        "order_column": 171,
                        "created_at": "2021-03-04 09:16:28",
                        "updated_at": "2021-03-04 09:16:28",
                        "url": "https://hyperlocal.cartlabs.com/storage/app/public/175/restaurantsSlides.jpg",
                        "thumb": "https://hyperlocal.cartlabs.com/storage/app/public/175/conversions/restaurantsSlides-thumb.jpg",
                        "icon": "https://hyperlocal.cartlabs.com/storage/app/public/175/conversions/restaurantsSlides-icon.jpg",
                        "formated_size": "315.2 KB"
                    }
                ]
            },
            {
                "distance": 3671.4206023927127,
                "area": 3671.4206023927127,
                "id": 8,
                "name": "Foody Von, O'Kon and Stamm",
                "description": "Reprehenderit sit et voluptate. Iure odit deleniti a et aperiam. Tempora repudiandae quas quas sapiente nihil itaque est deserunt. Quod soluta necessitatibus voluptas laborum consequatur aut.",
                "address": "7132 Pagac Row\nNorth Damian, AL 00343",
                "latitude": "42.642415",
                "longitude": "7.462381",
                "phone": "1-643-210-3016",
                "mobile": "973.407.6476",
                "information": "Reiciendis incidunt est itaque aut earum quasi commodi facere. A incidunt rerum voluptas odio quis sequi repellat. Cupiditate iste ea est iste veniam explicabo voluptatem.",
                "admin_commission": 12.46,
                "delivery_fee": 3.85,
                "delivery_range": 63.71,
                "default_tax": 17.64,
                "closed": false,
                "active": true,
                "available_for_delivery": false,
                "created_at": "2021-01-18 20:20:59",
                "updated_at": "2021-01-18 20:20:59",
                "custom_fields": [],
                "has_media": false,
                "rate": "3.3",
                "media": []
            },
            {
                "distance": 5676.906458033417,
                "area": 5676.906458033417,
                "id": 16,
                "name": "Barbeque Nation",
                "description": "all types of food with buffet system",
                "address": "gurgaon ,30",
                "latitude": "0",
                "longitude": "0",
                "phone": "9834445500",
                "mobile": "9834445500",
                "information": "located at mg road",
                "admin_commission": 30,
                "delivery_fee": 40,
                "delivery_range": null,
                "default_tax": null,
                "closed": false,
                "active": true,
                "available_for_delivery": true,
                "created_at": "2021-03-01 12:50:24",
                "updated_at": "2021-03-04 06:24:50",
                "custom_fields": [],
                "has_media": true,
                "rate": null,
                "media": [
                    {
                        "id": 85,
                        "model_type": "App\\Models\\Restaurant",
                        "model_id": 16,
                        "collection_name": "image",
                        "name": "pro2",
                        "file_name": "pro2.jpg",
                        "mime_type": "image/jpeg",
                        "disk": "public",
                        "size": 8220,
                        "manipulations": [],
                        "custom_properties": {
                            "uuid": "c1302274-0cbb-4c16-9f26-82c0a3a220e7",
                            "user_id": 1,
                            "generated_conversions": {
                                "thumb": true,
                                "icon": true
                            }
                        },
                        "responsive_images": [],
                        "order_column": 82,
                        "created_at": "2021-03-02 08:18:12",
                        "updated_at": "2021-03-02 08:18:12",
                        "url": "https://hyperlocal.cartlabs.com/storage/app/public/85/pro2.jpg",
                        "thumb": "https://hyperlocal.cartlabs.com/storage/app/public/85/conversions/pro2-thumb.jpg",
                        "icon": "https://hyperlocal.cartlabs.com/storage/app/public/85/conversions/pro2-icon.jpg",
                        "formated_size": "8 KB"
                    }
                ]
            },
            {
                "distance": 72.17926669432777,
                "area": 72.17926669432777,
                "id": 21,
                "name": "loren",
                "description": "djdfj",
                "address": "Shop No. 410, Sector 45, Opp Ramada Hotel, Gurugram, Haryana 122003",
                "latitude": "28.4493974",
                "longitude": "75.88",
                "phone": "9876543288",
                "mobile": "9534992877",
                "information": "dhdhdj",
                "admin_commission": 56,
                "delivery_fee": 23,
                "delivery_range": 23,
                "default_tax": 23,
                "closed": true,
                "active": true,
                "available_for_delivery": true,
                "created_at": "2021-03-19 05:58:02",
                "updated_at": "2021-03-19 05:58:03",
                "custom_fields": [],
                "has_media": false,
                "rate": null,
                "media": []
            },
            {
                "distance": 3266.4232238939603,
                "area": 3266.4232238939603,
                "id": 3,
                "name": "Meal McLaughlin PLC",
                "description": "Veritatis libero est tenetur ut nulla eos. Eos eligendi ut fugiat est excepturi quo distinctio cupiditate. Sed accusamus nisi quod. Voluptatem neque quas provident nam.",
                "address": "171 Upton Tunnel Apt. 660\nSouth Alekberg, IL 34019-7856",
                "latitude": "52.724164",
                "longitude": "10.091112",
                "phone": "392.489.8372",
                "mobile": "990-699-8408",
                "information": "Fugiat et voluptatem sit quia rem ea. Veritatis non repudiandae magnam facere sit. Qui explicabo consequuntur quo.",
                "admin_commission": 17.42,
                "delivery_fee": 3.07,
                "delivery_range": 42.67,
                "default_tax": 15.81,
                "closed": true,
                "active": true,
                "available_for_delivery": true,
                "created_at": "2021-01-18 20:20:59",
                "updated_at": "2021-01-18 20:20:59",
                "custom_fields": [],
                "has_media": false,
                "rate": "3.0",
                "media": []
            },
            {
                "distance": 3296.130169810214,
                "area": 3296.130169810214,
                "id": 10,
                "name": "Restaurant Erdman Group",
                "description": "Optio autem harum et tenetur facere inventore sed. Nesciunt aliquid dolores aperiam dicta nulla quia voluptatem.",
                "address": "992 Lukas Summit\nStromanstad, DC 11253-3010",
                "latitude": "51.332501",
                "longitude": "10.076829",
                "phone": "(204) 277-0229 x31080",
                "mobile": "+1-369-268-1804",
                "information": "Et nesciunt pariatur dignissimos dolorem enim. Molestiae facilis soluta dolore. Nesciunt ipsa qui et itaque et ut voluptas.",
                "admin_commission": 16.15,
                "delivery_fee": 9.21,
                "delivery_range": 80.72,
                "default_tax": 20.36,
                "closed": true,
                "active": true,
                "available_for_delivery": false,
                "created_at": "2021-01-18 20:20:59",
                "updated_at": "2021-01-18 20:20:59",
                "custom_fields": [],
                "has_media": false,
                "rate": "4.0",
                "media": []
            },
            {
                "distance": 3414.3423851181074,
                "area": 3414.3423851181074,
                "id": 7,
                "name": "Foody O'Kon-Ruecker",
                "description": "Eius odio aut porro nihil sit ea. Nam minima maxime deserunt non. Nihil itaque a impedit qui qui dolores. Consequuntur dolores qui sunt eum quasi voluptatem.",
                "address": "9442 Hackett Locks Apt. 676\nNorth Ernaton, MD 59714-3855",
                "latitude": "44.706647",
                "longitude": "11.413797",
                "phone": "337-424-8627 x572",
                "mobile": "(826) 716-3792 x34214",
                "information": "Est itaque fuga officia ut voluptatibus. Fuga inventore rerum quidem eius rem. Est repellendus veritatis consectetur incidunt dolorum suscipit.",
                "admin_commission": 45.19,
                "delivery_fee": 4.88,
                "delivery_range": 27.37,
                "default_tax": 5.01,
                "closed": true,
                "active": true,
                "available_for_delivery": true,
                "created_at": "2021-01-18 20:20:59",
                "updated_at": "2021-01-18 20:20:59",
                "custom_fields": [],
                "has_media": false,
                "rate": "2.0",
                "media": []
            },
            {
                "distance": 3422.1767102481435,
                "area": 3422.1767102481435,
                "id": 4,
                "name": "Pizza Streich, Lesch and Beatty",
                "description": "Excepturi deleniti est molestiae dolores inventore dolorum eveniet. Voluptas esse eius aspernatur praesentium et. Tempore omnis modi quibusdam ut iure.",
                "address": "525 Lysanne Burgs Suite 749\nRobertsside, NC 43885",
                "latitude": "50.33038",
                "longitude": "7.466399",
                "phone": "503-721-4513 x512",
                "mobile": "(569) 697-2843 x337",
                "information": "Eos porro nobis dolorem consequatur iusto maxime non. Vitae asperiores aliquid unde omnis dignissimos. Eligendi ut quisquam et ab nostrum qui consequatur.",
                "admin_commission": 28.79,
                "delivery_fee": 5.35,
                "delivery_range": 12.49,
                "default_tax": 22.23,
                "closed": true,
                "active": true,
                "available_for_delivery": false,
                "created_at": "2021-01-18 20:20:59",
                "updated_at": "2021-01-18 20:20:59",
                "custom_fields": [],
                "has_media": false,
                "rate": "2.4",
                "media": []
            },
            {
                "distance": 3429.2915198542164,
                "area": 3429.2915198542164,
                "id": 5,
                "name": "Foody Barton-Emmerich",
                "description": "In molestiae quia placeat impedit. Earum aliquid et inventore voluptas officia est odio. Vitae consequatur aliquam quia suscipit harum animi similique.",
                "address": "507 Terry Streets\nNew Tanner, KY 10133-9661",
                "latitude": "46.027674",
                "longitude": "10.222289",
                "phone": "+1 (665) 675-6585",
                "mobile": "1-392-490-4783 x822",
                "information": "Consequatur excepturi rerum est rerum ut qui. Aperiam sunt et iure. Accusantium id dolorem inventore eos maiores repellat dolore.",
                "admin_commission": 47.25,
                "delivery_fee": 5.6899999999999995,
                "delivery_range": 5.11,
                "default_tax": 10.2,
                "closed": true,
                "active": true,
                "available_for_delivery": false,
                "created_at": "2021-01-18 20:20:59",
                "updated_at": "2021-01-18 20:20:59",
                "custom_fields": [],
                "has_media": false,
                "rate": "3.0",
                "media": []
            },
            {
                "distance": 3573.8812950521724,
                "area": 3573.8812950521724,
                "id": 9,
                "name": "Meal Kertzmann and Sons",
                "description": "Aut labore est temporibus voluptas eos totam nihil. Vel sed quia molestiae similique omnis dignissimos est. Illum temporibus est officiis qui aperiam sint.",
                "address": "81623 Cristopher Lights Apt. 528\nEast Daleton, MT 25883-7249",
                "latitude": "44.131133",
                "longitude": "8.399868",
                "phone": "628-943-9242 x53698",
                "mobile": "408-463-9541 x78827",
                "information": "Praesentium quae natus quisquam est. Soluta consequatur excepturi commodi aperiam laboriosam tempore. Fuga eos eligendi cum et rem ad eligendi.",
                "admin_commission": 28.39,
                "delivery_fee": 2.94,
                "delivery_range": 55.17,
                "default_tax": 15.39,
                "closed": true,
                "active": true,
                "available_for_delivery": true,
                "created_at": "2021-01-18 20:20:59",
                "updated_at": "2021-01-18 20:20:59",
                "custom_fields": [],
                "has_media": false,
                "rate": "3.7",
                "media": []
            },
            {
                "distance": 3622.1932921746647,
                "area": 3622.1932921746647,
                "id": 6,
                "name": "Pizza Heidenreich, Mayert and Dibbert",
                "description": "Est et molestias ipsa nulla quam delectus qui. Omnis maiores et aut quos. Et saepe eum laudantium eaque.",
                "address": "55461 Oberbrunner Ranch\nNew Milford, CO 07316",
                "latitude": "42.901074",
                "longitude": "8.280961",
                "phone": "634.866.4327 x1133",
                "mobile": "935.758.6525 x92121",
                "information": "Cupiditate vitae autem iusto eligendi enim. Quod optio exercitationem id occaecati nam error. Ipsam architecto minus reiciendis reiciendis.",
                "admin_commission": 43.33,
                "delivery_fee": 9.14,
                "delivery_range": 81.29,
                "default_tax": 11.28,
                "closed": true,
                "active": true,
                "available_for_delivery": false,
                "created_at": "2021-01-18 20:20:59",
                "updated_at": "2021-01-18 20:20:59",
                "custom_fields": [],
                "has_media": false,
                "rate": "3.0",
                "media": []
            },
            {
                "distance": 174663.23364172585,
                "area": 174663.23364172585,
                "id": 19,
                "name": "test",
                "description": "fsf",
                "address": "G195, delt",
                "latitude": "414",
                "longitude": "4324",
                "phone": "07289943732",
                "mobile": "124433534543",
                "information": "ffds",
                "admin_commission": 12,
                "delivery_fee": 12,
                "delivery_range": 232,
                "default_tax": 23,
                "closed": true,
                "active": true,
                "available_for_delivery": true,
                "created_at": "2021-03-18 11:35:32",
                "updated_at": "2021-03-18 11:35:32",
                "custom_fields": [],
                "has_media": true,
                "rate": null,
                "media": [
                    {
                        "id": 258,
                        "model_type": "App\\Models\\Restaurant",
                        "model_id": 19,
                        "collection_name": "image",
                        "name": "Whitepaper_or_casestudy_user",
                        "file_name": "Whitepaper_or_casestudy_user.png",
                        "mime_type": "image/png",
                        "disk": "public",
                        "size": 40519,
                        "manipulations": [],
                        "custom_properties": {
                            "uuid": "40a4af42-ec17-4cb2-b13e-fbd4b39c735d",
                            "user_id": 1,
                            "generated_conversions": {
                                "thumb": true,
                                "icon": true
                            }
                        },
                        "responsive_images": [],
                        "order_column": 253,
                        "created_at": "2021-03-18 11:35:32",
                        "updated_at": "2021-03-18 11:35:32",
                        "url": "https://hyperlocal.cartlabs.com/storage/app/public/258/Whitepaper_or_casestudy_user.png",
                        "thumb": "https://hyperlocal.cartlabs.com/storage/app/public/258/conversions/Whitepaper_or_casestudy_user-thumb.jpg",
                        "icon": "https://hyperlocal.cartlabs.com/storage/app/public/258/conversions/Whitepaper_or_casestudy_user-icon.jpg",
                        "formated_size": "39.6 KB"
                    }
                ]
            }
        ],
        "message": "Restaurants retrieved successfully"
    }
]